{
  "campaign_info": {
    "template_name": "Product Hero Showcase",
    "campaign_type": "product_hero",
    "target_budget": 5000.0,
    "expected_performance": {
      "ctr_range": [
        2.5,
        4.8
      ],
      "cpc_range": [
        0.45,
        0.85
      ],
      "scaling_potential": "high"
    }
  },
  "technical_specs": {
    "platform_requirements": {
      "instagram_feed": {
        "width": 1080,
        "height": 1080,
        "duration_min": 3,
        "duration_max": 60,
        "fps": 30,
        "format": "mp4",
        "aspect_ratio": "1:1"
      },
      "facebook_feed": {
        "width": 1280,
        "height": 720,
        "duration_min": 6,
        "duration_max": 60,
        "fps": 30,
        "format": "mp4",
        "aspect_ratio": "16:9"
      },
      "instagram_reels": {
        "width": 1080,
        "height": 1920,
        "duration_min": 3,
        "duration_max": 90,
        "fps": 30,
        "format": "mp4",
        "aspect_ratio": "9:16"
      }
    },
    "scene_templates": [
      {
        "name": "Studio Hero",
        "description": "Clean studio setup with dramatic lighting",
        "background_type": "studio",
        "product_placement": "hero",
        "lighting_style": "dramatic",
        "camera_movement": "zoom",
        "color_scheme": [
          "#000000",
          "#FFFFFF",
          "#C9A961"
        ],
        "props": [
          "pedestal",
          "soft_shadows"
        ],
        "text_overlays": [
          {
            "position": "top",
            "style": "bold",
            "content": "headline"
          },
          {
            "position": "bottom",
            "style": "cta_button",
            "content": "call_to_action"
          }
        ]
      },
      {
        "name": "Minimal Luxury",
        "description": "Minimal background with luxury feel",
        "background_type": "minimal",
        "product_placement": "center",
        "lighting_style": "soft",
        "camera_movement": "orbit",
        "color_scheme": [
          "#F5F5F5",
          "#2C2C2C",
          "#DAA520"
        ],
        "props": [
          "marble_surface",
          "ambient_light"
        ],
        "text_overlays": [
          {
            "position": "center",
            "style": "elegant",
            "content": "brand_name"
          },
          {
            "position": "bottom_right",
            "style": "minimal",
            "content": "price"
          }
        ]
      }
    ],
    "conversion_elements": [
      "product_zoom",
      "feature_highlights",
      "premium_materials",
      "professional_lighting",
      "price_display",
      "satisfaction_guarantee"
    ]
  },
  "variations": [
    {
      "variation_id": "product_hero_v1",
      "base_template": "product_hero",
      "modifications": {
        "scene_adjustments": {},
        "text_changes": {},
        "color_scheme_shifts": {
          "primary_color": [
            "#FF6B6B",
            "#4ECDC4",
            "#FFFFFF"
          ],
          "mood": "warmer"
        },
        "timing_adjustments": {},
        "platform_optimizations": {}
      },
      "expected_performance": {
        "ctr_multiplier": 1.0,
        "estimated_ctr_range": [
          2.5,
          4.8
        ],
        "estimated_cpc_range": [
          0.45,
          0.85
        ],
        "confidence_level": 1.0
      },
      "targeting_adjustments": {
        "age_range_shift": 0,
        "interest_expansion": false,
        "lookalike_percentage": 1,
        "device_targeting": "all"
      },
      "creative_elements": {
        "base_elements": [
          "product_zoom",
          "feature_highlights",
          "premium_materials",
          "professional_lighting",
          "price_display",
          "satisfaction_guarantee"
        ],
        "additional_elements": [
          "premium_badge",
          "limited_edition"
        ],
        "emphasis_elements": [
          "product_zoom",
          "feature_highlights"
        ],
        "creative_style": "clean"
      }
    },
    {
      "variation_id": "product_hero_v2",
      "base_template": "product_hero",
      "modifications": {
        "scene_adjustments": {},
        "text_changes": {
          "hook_style": "This [product] changed my life",
          "cta_variation": "Shop the link",
          "urgency_level": "medium"
        },
        "color_scheme_shifts": {},
        "timing_adjustments": {},
        "platform_optimizations": {}
      },
      "expected_performance": {
        "ctr_multiplier": 0.85,
        "estimated_ctr_range": [
          2.125,
          4.08
        ],
        "estimated_cpc_range": [
          0.5294117647058824,
          1.0
        ],
        "confidence_level": 0.7
      },
      "targeting_adjustments": {
        "age_range_shift": -3,
        "interest_expansion": false,
        "lookalike_percentage": 1,
        "device_targeting": "mobile_heavy"
      },
      "creative_elements": {
        "base_elements": [
          "product_zoom",
          "feature_highlights",
          "premium_materials",
          "professional_lighting",
          "price_display",
          "satisfaction_guarantee"
        ],
        "additional_elements": [
          "social_media_buzz",
          "trending_indicator"
        ],
        "emphasis_elements": [
          "product_zoom",
          "feature_highlights"
        ],
        "creative_style": "bold"
      }
    },
    {
      "variation_id": "product_hero_v3",
      "base_template": "product_hero",
      "modifications": {
        "scene_adjustments": {
          "product_position": "right",
          "camera_angle": "high",
          "background_complexity": "minimal"
        },
        "text_changes": {},
        "color_scheme_shifts": {},
        "timing_adjustments": {},
        "platform_optimizations": {}
      },
      "expected_performance": {
        "ctr_multiplier": 1.15,
        "estimated_ctr_range": [
          2.875,
          5.52
        ],
        "estimated_cpc_range": [
          0.391304347826087,
          0.7391304347826088
        ],
        "confidence_level": 0.7000000000000002
      },
      "targeting_adjustments": {
        "age_range_shift": 5,
        "interest_expansion": true,
        "lookalike_percentage": 1,
        "device_targeting": "all"
      },
      "creative_elements": {
        "base_elements": [
          "product_zoom",
          "feature_highlights",
          "premium_materials",
          "professional_lighting",
          "price_display",
          "satisfaction_guarantee"
        ],
        "additional_elements": [
          "money_back_guarantee",
          "free_shipping"
        ],
        "emphasis_elements": [
          "product_zoom",
          "feature_highlights"
        ],
        "creative_style": "playful"
      }
    },
    {
      "variation_id": "product_hero_v4",
      "base_template": "product_hero",
      "modifications": {
        "scene_adjustments": {},
        "text_changes": {},
        "color_scheme_shifts": {},
        "timing_adjustments": {
          "intro_duration": 2.5,
          "product_reveal_timing": 2.9,
          "cta_duration": 3.6
        },
        "platform_optimizations": {}
      },
      "expected_performance": {
        "ctr_multiplier": 0.92,
        "estimated_ctr_range": [
          2.3000000000000003,
          4.416
        ],
        "estimated_cpc_range": [
          0.4891304347826087,
          0.9239130434782608
        ],
        "confidence_level": 0.8400000000000001
      },
      "targeting_adjustments": {
        "age_range_shift": 0,
        "interest_expansion": false,
        "lookalike_percentage": 2,
        "device_targeting": "all"
      },
      "creative_elements": {
        "base_elements": [
          "product_zoom",
          "feature_highlights",
          "premium_materials",
          "professional_lighting",
          "price_display",
          "satisfaction_guarantee"
        ],
        "additional_elements": [
          "customer_count",
          "satisfaction_rate"
        ],
        "emphasis_elements": [
          "product_zoom",
          "feature_highlights"
        ],
        "creative_style": "elegant"
      }
    },
    {
      "variation_id": "product_hero_v5",
      "base_template": "product_hero",
      "modifications": {
        "scene_adjustments": {},
        "text_changes": {},
        "color_scheme_shifts": {
          "primary_color": [
            "#FD79A8",
            "#FDCB6E",
            "#FFFFFF"
          ],
          "mood": "warmer"
        },
        "timing_adjustments": {},
        "platform_optimizations": {}
      },
      "expected_performance": {
        "ctr_multiplier": 1.08,
        "estimated_ctr_range": [
          2.7,
          5.184
        ],
        "estimated_cpc_range": [
          0.41666666666666663,
          0.787037037037037
        ],
        "confidence_level": 0.8399999999999999
      },
      "targeting_adjustments": {
        "age_range_shift": 0,
        "interest_expansion": true,
        "lookalike_percentage": 5,
        "device_targeting": "all"
      },
      "creative_elements": {
        "base_elements": [
          "product_zoom",
          "feature_highlights",
          "premium_materials",
          "professional_lighting",
          "price_display",
          "satisfaction_guarantee"
        ],
        "additional_elements": [
          "urgency_timer",
          "stock_counter"
        ],
        "emphasis_elements": [
          "product_zoom",
          "feature_highlights"
        ],
        "creative_style": "dramatic"
      }
    }
  ],
  "production_requirements": {
    "total_videos_needed": 15,
    "estimated_production_time": 12.5,
    "resource_requirements": {
      "gpu_memory": "24GB+",
      "storage": "10GB",
      "processing_time": "50min"
    }
  },
  "deployment_schedule": {
    "phase_1": {
      "variations": [
        {
          "variation_id": "product_hero_v1",
          "base_template": "product_hero",
          "modifications": {
            "scene_adjustments": {},
            "text_changes": {},
            "color_scheme_shifts": {
              "primary_color": [
                "#FF6B6B",
                "#4ECDC4",
                "#FFFFFF"
              ],
              "mood": "warmer"
            },
            "timing_adjustments": {},
            "platform_optimizations": {}
          },
          "expected_performance": {
            "ctr_multiplier": 1.0,
            "estimated_ctr_range": [
              2.5,
              4.8
            ],
            "estimated_cpc_range": [
              0.45,
              0.85
            ],
            "confidence_level": 1.0
          },
          "targeting_adjustments": {
            "age_range_shift": 0,
            "interest_expansion": false,
            "lookalike_percentage": 1,
            "device_targeting": "all"
          },
          "creative_elements": {
            "base_elements": [
              "product_zoom",
              "feature_highlights",
              "premium_materials",
              "professional_lighting",
              "price_display",
              "satisfaction_guarantee"
            ],
            "additional_elements": [
              "premium_badge",
              "limited_edition"
            ],
            "emphasis_elements": [
              "product_zoom",
              "feature_highlights"
            ],
            "creative_style": "clean"
          }
        },
        {
          "variation_id": "product_hero_v2",
          "base_template": "product_hero",
          "modifications": {
            "scene_adjustments": {},
            "text_changes": {
              "hook_style": "This [product] changed my life",
              "cta_variation": "Shop the link",
              "urgency_level": "medium"
            },
            "color_scheme_shifts": {},
            "timing_adjustments": {},
            "platform_optimizations": {}
          },
          "expected_performance": {
            "ctr_multiplier": 0.85,
            "estimated_ctr_range": [
              2.125,
              4.08
            ],
            "estimated_cpc_range": [
              0.5294117647058824,
              1.0
            ],
            "confidence_level": 0.7
          },
          "targeting_adjustments": {
            "age_range_shift": -3,
            "interest_expansion": false,
            "lookalike_percentage": 1,
            "device_targeting": "mobile_heavy"
          },
          "creative_elements": {
            "base_elements": [
              "product_zoom",
              "feature_highlights",
              "premium_materials",
              "professional_lighting",
              "price_display",
              "satisfaction_guarantee"
            ],
            "additional_elements": [
              "social_media_buzz",
              "trending_indicator"
            ],
            "emphasis_elements": [
              "product_zoom",
              "feature_highlights"
            ],
            "creative_style": "bold"
          }
        }
      ],
      "budget_split": 0.3,
      "duration": "24 hours",
      "success_criteria": "CTR > base_template minimum"
    },
    "phase_2": {
      "variations": [
        {
          "variation_id": "product_hero_v3",
          "base_template": "product_hero",
          "modifications": {
            "scene_adjustments": {
              "product_position": "right",
              "camera_angle": "high",
              "background_complexity": "minimal"
            },
            "text_changes": {},
            "color_scheme_shifts": {},
            "timing_adjustments": {},
            "platform_optimizations": {}
          },
          "expected_performance": {
            "ctr_multiplier": 1.15,
            "estimated_ctr_range": [
              2.875,
              5.52
            ],
            "estimated_cpc_range": [
              0.391304347826087,
              0.7391304347826088
            ],
            "confidence_level": 0.7000000000000002
          },
          "targeting_adjustments": {
            "age_range_shift": 5,
            "interest_expansion": true,
            "lookalike_percentage": 1,
            "device_targeting": "all"
          },
          "creative_elements": {
            "base_elements": [
              "product_zoom",
              "feature_highlights",
              "premium_materials",
              "professional_lighting",
              "price_display",
              "satisfaction_guarantee"
            ],
            "additional_elements": [
              "money_back_guarantee",
              "free_shipping"
            ],
            "emphasis_elements": [
              "product_zoom",
              "feature_highlights"
            ],
            "creative_style": "playful"
          }
        },
        {
          "variation_id": "product_hero_v4",
          "base_template": "product_hero",
          "modifications": {
            "scene_adjustments": {},
            "text_changes": {},
            "color_scheme_shifts": {},
            "timing_adjustments": {
              "intro_duration": 2.5,
              "product_reveal_timing": 2.9,
              "cta_duration": 3.6
            },
            "platform_optimizations": {}
          },
          "expected_performance": {
            "ctr_multiplier": 0.92,
            "estimated_ctr_range": [
              2.3000000000000003,
              4.416
            ],
            "estimated_cpc_range": [
              0.4891304347826087,
              0.9239130434782608
            ],
            "confidence_level": 0.8400000000000001
          },
          "targeting_adjustments": {
            "age_range_shift": 0,
            "interest_expansion": false,
            "lookalike_percentage": 2,
            "device_targeting": "all"
          },
          "creative_elements": {
            "base_elements": [
              "product_zoom",
              "feature_highlights",
              "premium_materials",
              "professional_lighting",
              "price_display",
              "satisfaction_guarantee"
            ],
            "additional_elements": [
              "customer_count",
              "satisfaction_rate"
            ],
            "emphasis_elements": [
              "product_zoom",
              "feature_highlights"
            ],
            "creative_style": "elegant"
          }
        },
        {
          "variation_id": "product_hero_v5",
          "base_template": "product_hero",
          "modifications": {
            "scene_adjustments": {},
            "text_changes": {},
            "color_scheme_shifts": {
              "primary_color": [
                "#FD79A8",
                "#FDCB6E",
                "#FFFFFF"
              ],
              "mood": "warmer"
            },
            "timing_adjustments": {},
            "platform_optimizations": {}
          },
          "expected_performance": {
            "ctr_multiplier": 1.08,
            "estimated_ctr_range": [
              2.7,
              5.184
            ],
            "estimated_cpc_range": [
              0.41666666666666663,
              0.787037037037037
            ],
            "confidence_level": 0.8399999999999999
          },
          "targeting_adjustments": {
            "age_range_shift": 0,
            "interest_expansion": true,
            "lookalike_percentage": 5,
            "device_targeting": "all"
          },
          "creative_elements": {
            "base_elements": [
              "product_zoom",
              "feature_highlights",
              "premium_materials",
              "professional_lighting",
              "price_display",
              "satisfaction_guarantee"
            ],
            "additional_elements": [
              "urgency_timer",
              "stock_counter"
            ],
            "emphasis_elements": [
              "product_zoom",
              "feature_highlights"
            ],
            "creative_style": "dramatic"
          }
        }
      ],
      "budget_split": 0.7,
      "duration": "72 hours",
      "success_criteria": "CPA < target threshold"
    }
  },
  "metadata": {
    "generated_on": "mac",
    "package_version": "1.0",
    "hash": "489cfbd52bc7"
  }
}